Site,Channel,Replicate,Hour,DmagnaCT,DmagnaCN,DanicaCT,DanicaCN,AnguillaCT,AnguillaCN,,,,,,,
Carpenter,C1,R1,-1,0.00,0.000,0.00,0.000,0.00,0.000,,,,,,,
Carpenter,C1,R1,-1,0.00,0.000,0.00,0.000,0.00,0.000,,,,,,,
Carpenter,C1,R1,-1,0.00,0.000,0.00,0.000,0.00,0.000,,,,,,,
Carpenter,C1,R2,-1,0.00,0.000,0.00,0.000,0.00,0.000,,,,,,,
Carpenter,C1,R2,-1,0.00,0.000,0.00,0.000,0.00,0.000,,,,,,,
Carpenter,C1,R2,-1,0.00,0.000,0.00,0.000,0.00,0.000,,,,,,,
Carpenter,C1,R3,-1,0.00,0.000,0.00,0.000,0.00,0.000,,,,,,,
Carpenter,C1,R3,-1,0.00,0.000,0.00,0.000,0.00,0.000,,,,,,,
Carpenter,C1,R3,-1,0.00,0.000,0.00,0.000,0.00,0.000,,,,,,,
Carpenter,C2,R1,-1,0.00,0.000,0.00,0.000,0.00,0.000,,,,,,,
Carpenter,C2,R1,-1,0.00,0.000,0.00,0.000,0.00,0.000,,,,,,,
Carpenter,C2,R1,-1,0.00,0.000,0.00,0.000,0.00,0.000,,,,,,,
Carpenter,C2,R2,-1,0.00,0.000,0.00,0.000,0.00,0.000,,,,,,,
Carpenter,C2,R2,-1,0.00,0.000,0.00,0.000,0.00,0.000,,,,,,,
Carpenter,C2,R2,-1,0.00,0.000,0.00,0.000,0.00,0.000,,,,,,,
Carpenter,C2,R3,-1,0.00,0.000,0.00,0.000,0.00,0.000,,,,,,,
Carpenter,C2,R3,-1,0.00,0.000,0.00,0.000,0.00,0.000,,,,,,,
Carpenter,C2,R3,-1,0.00,0.000,0.00,0.000,0.00,0.000,,,,,,,
Carpenter,C3,R1,-1,0.00,0.000,0.00,0.000,0.00,0.000,,,,,,,
Carpenter,C3,R1,-1,0.00,0.000,0.00,0.000,0.00,0.000,,,,,,,
Carpenter,C3,R1,-1,0.00,0.000,0.00,0.000,0.00,0.000,,,,,,,
Carpenter,C3,R2,-1,0.00,0.000,0.00,0.000,0.00,0.000,,,,,,,
Carpenter,C3,R2,-1,0.00,0.000,0.00,0.000,0.00,0.000,,,,,,,
Carpenter,C3,R2,-1,0.00,0.000,0.00,0.000,0.00,0.000,,,,,,,
Carpenter,C3,R3,-1,0.00,0.000,0.00,0.000,0.00,0.000,,,,,,,
Carpenter,C3,R3,-1,0.00,0.000,0.00,0.000,0.00,0.000,,,,,,,
Carpenter,C3,R3,-1,0.00,0.000,0.00,0.000,0.00,0.000,,,,,,,
Davies,C1,R1,-1,0.00,0.000,0.00,0.000,0.00,0.000,,,,,,,
Davies,C1,R1,-1,0.00,0.000,0.00,0.000,0.00,0.000,,,,,,,
Davies,C1,R1,-1,0.00,0.000,0.00,0.000,0.00,0.000,,,,,,,
Davies,C1,R2,-1,0.00,0.000,0.00,0.000,0.00,0.000,,,,,,,
Davies,C1,R2,-1,0.00,0.000,0.00,0.000,0.00,0.000,,,,,,,
Davies,C1,R2,-1,0.00,0.000,0.00,0.000,0.00,0.000,,,,,,,
Davies,C1,R3,-1,0.00,0.000,0.00,0.000,0.00,0.000,,,,,,,
Davies,C1,R3,-1,0.00,0.000,0.00,0.000,0.00,0.000,,,,,,,
Davies,C1,R3,-1,0.00,0.000,0.00,0.000,0.00,0.000,,,,,,,
Davies,C2,R1,-1,0.00,0.000,0.00,0.000,0.00,0.000,,,,,,,
Davies,C2,R1,-1,0.00,0.000,0.00,0.000,0.00,0.000,,,,,,,
Davies,C2,R1,-1,0.00,0.000,0.00,0.000,0.00,0.000,,,,,,,
Davies,C2,R2,-1,0.00,0.000,0.00,0.000,0.00,0.000,,,,,,,
Davies,C2,R2,-1,0.00,0.000,0.00,0.000,0.00,0.000,,,,,,,
Davies,C2,R2,-1,0.00,0.000,0.00,0.000,0.00,0.000,,,,,,,
Davies,C2,R3,-1,0.00,0.000,0.00,0.000,0.00,0.000,,,,,,,
Davies,C2,R3,-1,0.00,0.000,0.00,0.000,0.00,0.000,,,,,,,
Davies,C2,R3,-1,0.00,0.000,0.00,0.000,0.00,0.000,,,,,,,
Davies,C3,R1,-1,0.00,0.000,0.00,0.000,0.00,0.000,,,,,,,
Davies,C3,R1,-1,0.00,0.000,0.00,0.000,0.00,0.000,,,,,,,
Davies,C3,R1,-1,0.00,0.000,0.00,0.000,0.00,0.000,,,,,,,
Davies,C3,R2,-1,0.00,0.000,0.00,0.000,0.00,0.000,,,,,,,
Davies,C3,R2,-1,0.00,0.000,0.00,0.000,0.00,0.000,,,,,,,
Davies,C3,R2,-1,0.00,0.000,0.00,0.000,0.00,0.000,,,,,,,
Davies,C3,R3,-1,0.00,0.000,0.00,0.000,0.00,0.000,,,,,,,
Davies,C3,R3,-1,0.00,0.000,0.00,0.000,0.00,0.000,,,,,,,
Davies,C3,R3,-1,0.00,0.000,0.00,0.000,0.00,0.000,,,,,,,
Hanwell,C1,R1,-1,0.00,0.000,0.00,0.000,0.00,0.000,,,,,,,
Hanwell,C1,R1,-1,0.00,0.000,0.00,0.000,0.00,0.000,,,,,,,
Hanwell,C1,R1,-1,0.00,0.000,0.00,0.000,0.00,0.000,,,,,,,
Hanwell,C1,R2,-1,0.00,0.000,0.00,0.000,0.00,0.000,,,,,,,
Hanwell,C1,R2,-1,0.00,0.000,0.00,0.000,0.00,0.000,,,,,,,
Hanwell,C1,R2,-1,0.00,0.000,0.00,0.000,0.00,0.000,,,,,,,
Hanwell,C1,R3,-1,0.00,0.000,0.00,0.000,0.00,0.000,,,,,,,
Hanwell,C1,R3,-1,0.00,0.000,0.00,0.000,0.00,0.000,,,,,,,
Hanwell,C1,R3,-1,0.00,0.000,0.00,0.000,0.00,0.000,,,,,,,
Hanwell,C2,R1,-1,0.00,0.000,0.00,0.000,0.00,0.000,,,,,,,
Hanwell,C2,R1,-1,0.00,0.000,0.00,0.000,0.00,0.000,,,,,,,
Hanwell,C2,R1,-1,0.00,0.000,0.00,0.000,0.00,0.000,,,,,,,
Hanwell,C2,R2,-1,0.00,0.000,0.00,0.000,0.00,0.000,,,,,,,
Hanwell,C2,R2,-1,0.00,0.000,0.00,0.000,0.00,0.000,,,,,,,
Hanwell,C2,R2,-1,0.00,0.000,0.00,0.000,0.00,0.000,,,,,,,
Hanwell,C2,R3,-1,0.00,0.000,0.00,0.000,0.00,0.000,,,,,,,
Hanwell,C2,R3,-1,0.00,0.000,0.00,0.000,0.00,0.000,,,,,,,
Hanwell,C2,R3,-1,0.00,0.000,0.00,0.000,0.00,0.000,,,,,,,
Hanwell,C3,R1,-1,0.00,0.000,0.00,0.000,0.00,0.000,,,,,,,
Hanwell,C3,R1,-1,0.00,0.000,0.00,0.000,0.00,0.000,,,,,,,
Hanwell,C3,R1,-1,0.00,0.000,0.00,0.000,0.00,0.000,,,,,,,
Hanwell,C3,R2,-1,0.00,0.000,0.00,0.000,0.00,0.000,,,,,,,
Hanwell,C3,R2,-1,0.00,0.000,0.00,0.000,0.00,0.000,,,,,,,
Hanwell,C3,R2,-1,0.00,0.000,0.00,0.000,0.00,0.000,,,,,,,
Hanwell,C3,R3,-1,0.00,0.000,0.00,0.000,0.00,0.000,,,,,,,
Hanwell,C3,R3,-1,0.00,0.000,0.00,0.000,0.00,0.000,,,,,,,
Hanwell,C3,R3,-1,0.00,0.000,0.00,0.000,0.00,0.000,,,,,,,
Sidaway,C1,R1,-1,0.00,0.000,0.00,0.000,0.00,0.000,,,,,,,
Sidaway,C1,R1,-1,0.00,0.000,0.00,0.000,0.00,0.000,,,,,,,
Sidaway,C1,R1,-1,0.00,0.000,0.00,0.000,0.00,0.000,,,,,,,
Sidaway,C1,R2,-1,0.00,0.000,0.00,0.000,0.00,0.000,,,,,,,
Sidaway,C1,R2,-1,0.00,0.000,0.00,0.000,0.00,0.000,,,,,,,
Sidaway,C1,R2,-1,0.00,0.000,0.00,0.000,0.00,0.000,,,,,,,
Sidaway,C1,R3,-1,0.00,0.000,0.00,0.000,0.00,0.000,,,,,,,
Sidaway,C1,R3,-1,0.00,0.000,0.00,0.000,0.00,0.000,,,,,,,
Sidaway,C1,R3,-1,0.00,0.000,0.00,0.000,0.00,0.000,,,,,,,
Sidaway,C2,R1,-1,0.00,0.000,0.00,0.000,0.00,0.000,,,,,,,
Sidaway,C2,R1,-1,0.00,0.000,0.00,0.000,0.00,0.000,,,,,,,
Sidaway,C2,R1,-1,0.00,0.000,0.00,0.000,0.00,0.000,,,,,,,
Sidaway,C2,R2,-1,0.00,0.000,0.00,0.000,0.00,0.000,,,,,,,
Sidaway,C2,R2,-1,0.00,0.000,0.00,0.000,0.00,0.000,,,,,,,
Sidaway,C2,R2,-1,0.00,0.000,0.00,0.000,0.00,0.000,,,,,,,
Sidaway,C2,R3,-1,0.00,0.000,0.00,0.000,0.00,0.000,,,,,,,
Sidaway,C2,R3,-1,0.00,0.000,0.00,0.000,0.00,0.000,,,,,,,
Sidaway,C2,R3,-1,0.00,0.000,0.00,0.000,0.00,0.000,,,,,,,
Sidaway,C3,R1,-1,0.00,0.000,0.00,0.000,0.00,0.000,,,,,,,
Sidaway,C3,R1,-1,0.00,0.000,0.00,0.000,0.00,0.000,,,,,,,
Sidaway,C3,R1,-1,0.00,0.000,0.00,0.000,0.00,0.000,,,,,,,
Sidaway,C3,R2,-1,0.00,0.000,0.00,0.000,0.00,0.000,,,,,,,
Sidaway,C3,R2,-1,0.00,0.000,0.00,0.000,0.00,0.000,,,,,,,
Sidaway,C3,R2,-1,0.00,0.000,0.00,0.000,0.00,0.000,,,,,,,
Sidaway,C3,R3,-1,0.00,0.000,0.00,0.000,0.00,0.000,,,,,,,
Sidaway,C3,R3,-1,0.00,0.000,0.00,0.000,0.00,0.000,,,,,,,
Sidaway,C3,R3,-1,0.00,0.000,0.00,0.000,0.00,0.000,,,,,,,
Carpenter,C1,R1,0,30.72,120.780,24.99,53.460,27.59,10.000,,,,,,,
Carpenter,C1,R1,0,30.97,101.280,24.99,53.620,27.74,9.230,,,,,,,
Carpenter,C1,R1,0,30.91,105.600,24.96,54.760,27.73,9.280,,,,,,,
Carpenter,C1,R2,0,30.25,168.220,25.06,50.810,28.32,6.710,,,,,,,
Carpenter,C1,R2,0,30.26,166.650,25.22,45.770,27.98,8.110,,,,,,,
Carpenter,C1,R2,0,30.52,139.140,25.25,44.580,28.24,7.030,,,,,,,
Carpenter,C1,R3,0,30.84,111.060,25.01,52.930,27.55,10.260,,,,,,,
Carpenter,C1,R3,0,31.37,76.630,25.61,34.750,28.30,6.780,,,,,,,
Carpenter,C1,R3,0,31.41,74.650,25.09,49.920,27.79,9.000,,,,,,,
Carpenter,C2,R1,0,34.39,9.310,29.60,2.200,30.96,1.590,,,,,,,
Carpenter,C2,R1,0,33.96,12.530,29.59,2.210,31.43,1.230,,,,,,,
Carpenter,C2,R1,0,34.38,9.370,30.11,1.540,31.37,1.270,,,,,,,
Carpenter,C2,R2,0,33.43,18.250,28.11,6.170,29.81,2.980,,,,,,,
Carpenter,C2,R2,0,33.61,16.000,27.96,6.870,29.53,3.460,,,,,,,
Carpenter,C2,R2,0,33.20,21.420,28.31,5.380,30.15,2.470,,,,,,,
Carpenter,C2,R3,0,0.00,0.000,32.15,0.370,31.47,1.200,,,,,,,
Carpenter,C2,R3,0,0.00,0.000,32.00,0.410,31.98,0.910,,,,,,,
Carpenter,C2,R3,0,0.00,0.000,32.48,0.300,31.09,1.480,,,,,,,
Carpenter,C3,R1,0,0.00,0.000,0.00,0.000,0.00,0.000,,,,,,,
Carpenter,C3,R1,0,0.00,0.000,0.00,0.000,0.00,0.000,,,,,,,
Carpenter,C3,R1,0,0.00,0.000,0.00,0.000,0.00,0.000,,,,,,,
Carpenter,C3,R2,0,32.49,35.020,28.66,4.210,29.62,3.310,,,,,,,
Carpenter,C3,R2,0,32.27,41.040,28.73,4.030,29.45,3.630,,,,,,,
Carpenter,C3,R2,0,32.22,42.380,28.57,4.500,29.41,3.700,,,,,,,
Carpenter,C3,R3,0,34.53,8.470,29.58,2.230,30.19,2.420,,,,,,,
Carpenter,C3,R3,0,34.52,8.510,29.58,2.240,29.83,2.950,,,,,,,
Carpenter,C3,R3,0,34.13,11.160,29.32,2.670,29.84,2.930,,,,,,,
Davies,C1,R1,0,0.00,0.000,23.05,204.710,29.21,4.130,,,,,,,
Davies,C1,R1,0,0.00,0.000,22.99,213.040,28.91,4.860,,,,,,,
Davies,C1,R1,0,0.00,0.000,23.01,210.730,29.01,4.620,,,,,,,
Davies,C1,R2,0,33.75,14.510,22.70,189.320,28.42,6.390,,,,,,,
Davies,C1,R2,0,32.62,32.150,22.38,235.290,28.56,5.920,,,,,,,
Davies,C1,R2,0,0.00,0.000,22.78,179.430,28.08,7.660,,,,,,,
Davies,C1,R3,0,32.58,27.420,22.48,219.600,28.63,5.700,,,,,,,
Davies,C1,R3,0,33.15,18.570,22.42,228.730,28.34,6.690,,,,,,,
Davies,C1,R3,0,33.38,15.810,23.56,104.530,28.40,6.450,,,,,,,
Davies,C2,R1,0,32.65,26.110,22.36,239.260,28.12,7.510,,,,,,,
Davies,C2,R1,0,32.90,22.070,22.50,216.170,28.39,6.490,,,,,,,
Davies,C2,R1,0,33.19,18.020,22.51,215.540,28.31,6.760,,,,,,,
Davies,C2,R2,0,31.80,47.190,21.86,336.910,27.54,10.270,,,,,,,
Davies,C2,R2,0,32.31,33.170,21.88,331.180,27.20,12.350,,,,,,,
Davies,C2,R2,0,32.31,33.190,23.41,116.060,28.62,5.730,,,,,,,
Davies,C2,R3,0,31.97,41.880,22.26,255.960,28.28,6.880,,,,,,,
Davies,C2,R3,0,32.36,32.080,22.28,251.700,27.56,10.140,,,,,,,
Davies,C2,R3,0,32.49,29.330,22.31,246.690,27.97,8.160,,,,,,,
Davies,C3,R1,0,31.93,43.060,22.33,242.830,28.16,7.350,,,,,,,
Davies,C3,R1,0,31.75,48.840,22.64,196.240,28.23,7.070,,,,,,,
Davies,C3,R1,0,32.00,41.110,22.43,227.020,28.49,6.140,,,,,,,
Davies,C3,R2,0,35.10,4.820,28.27,4.140,28.76,5.310,,,,,,,
Davies,C3,R2,0,35.00,5.160,23.81,88.400,28.67,5.590,,,,,,,
Davies,C3,R2,0,34.94,5.410,24.68,48.530,28.71,5.470,,,,,,,
Davies,C3,R3,0,31.91,43.500,22.26,255.950,28.20,7.200,,,,,,,
Davies,C3,R3,0,31.46,59.520,22.25,258.030,27.75,9.170,,,,,,,
Davies,C3,R3,0,32.39,31.360,22.14,278.020,28.07,7.730,,,,,,,
Hanwell,C1,R1,0,35.66,3.270,30.10,1.180,29.70,3.200,,,,,,,
Hanwell,C1,R1,0,35.21,4.480,28.46,3.640,29.41,3.750,,,,,,,
Hanwell,C1,R1,0,35.60,3.420,29.75,1.500,29.67,3.260,,,,,,,
Hanwell,C1,R2,0,0.00,0.000,0.00,0.000,0.00,0.000,,,,,,,
Hanwell,C1,R2,0,0.00,0.000,38.19,0.000,0.00,0.000,,,,,,,
Hanwell,C1,R2,0,0.00,0.000,34.28,0.060,0.00,0.000,,,,,,,
Hanwell,C1,R3,0,0.00,0.000,0.00,0.000,0.00,0.000,,,,,,,
Hanwell,C1,R3,0,0.00,0.000,36.84,0.010,0.00,0.000,,,,,,,
Hanwell,C1,R3,0,0.00,0.000,0.00,0.000,0.00,0.000,,,,,,,
Hanwell,C2,R1,0,0.00,0.000,0.00,0.000,0.00,0.000,,,,,,,
Hanwell,C2,R1,0,0.00,0.000,0.00,0.000,0.00,0.000,,,,,,,
Hanwell,C2,R1,0,0.00,0.000,0.00,0.000,0.00,0.000,,,,,,,
Hanwell,C2,R2,0,36.27,2.160,27.64,6.380,29.55,3.470,,,,,,,
Hanwell,C2,R2,0,35.48,3.710,34.30,0.060,29.86,2.940,,,,,,,
Hanwell,C2,R2,0,35.56,3.530,28.15,4.500,30.62,1.950,,,,,,,
Hanwell,C2,R3,0,35.51,3.650,31.02,0.620,36.00,0.100,,,,,,,
Hanwell,C2,R3,0,36.91,1.380,30.72,0.770,30.80,1.770,,,,,,,
Hanwell,C2,R3,0,36.64,1.670,28.02,4.910,39.42,0.010,,,,,,,
Hanwell,C3,R1,0,0.00,0.000,0.00,0.000,0.00,0.000,,,,,,,
Hanwell,C3,R1,0,0.00,0.000,31.25,0.530,0.00,0.000,,,,,,,
Hanwell,C3,R1,0,0.00,0.000,37.20,0.000,39.32,0.010,,,,,,,
Hanwell,C3,R2,0,0.00,0.000,0.00,0.000,0.00,0.000,,,,,,,
Hanwell,C3,R2,0,0.00,0.000,0.00,0.000,0.00,0.000,,,,,,,
Hanwell,C3,R2,0,0.00,0.000,0.00,0.000,0.00,0.000,,,,,,,
Hanwell,C3,R3,0,0.00,0.000,0.00,0.000,36.62,0.070,,,,,,,
Hanwell,C3,R3,0,0.00,0.000,39.23,0.000,0.00,0.000,,,,,,,
Hanwell,C3,R3,0,0.00,0.000,38.17,0.000,0.00,0.000,,,,,,,
Sidaway,C1,R1,0,0.00,0.000,0.00,0.000,0.00,0.000,,,,,,,
Sidaway,C1,R1,0,0.00,0.000,0.00,0.000,0.00,0.000,,,,,,,
Sidaway,C1,R1,0,0.00,0.000,0.00,0.000,0.00,0.000,,,,,,,
Sidaway,C1,R2,0,0.00,0.000,34.61,0.050,0.00,0.000,,,,,,,
Sidaway,C1,R2,0,0.00,0.000,0.00,0.000,0.00,0.000,,,,,,,
Sidaway,C1,R2,0,0.00,0.000,0.00,0.000,31.44,1.250,,,,,,,
Sidaway,C1,R3,0,0.00,0.000,0.00,0.000,0.00,0.000,,,,,,,
Sidaway,C1,R3,0,0.00,0.000,0.00,0.000,0.00,0.000,,,,,,,
Sidaway,C1,R3,0,0.00,0.000,0.00,0.000,0.00,0.000,,,,,,,
Sidaway,C2,R1,0,0.00,0.000,0.00,0.000,0.00,0.000,,,,,,,
Sidaway,C2,R1,0,0.00,0.000,39.47,0.000,0.00,0.000,,,,,,,
Sidaway,C2,R1,0,0.00,0.000,29.92,1.340,0.00,0.000,,,,,,,
Sidaway,C2,R2,0,0.00,0.000,0.00,0.000,0.00,0.000,,,,,,,
Sidaway,C2,R2,0,0.00,0.000,0.00,0.000,0.00,0.000,,,,,,,
Sidaway,C2,R2,0,0.00,0.000,0.00,0.000,0.00,0.000,,,,,,,
Sidaway,C2,R3,0,0.00,0.000,0.00,0.000,0.00,0.000,,,,,,,
Sidaway,C2,R3,0,0.00,0.000,28.12,4.600,0.00,0.000,,,,,,,
Sidaway,C2,R3,0,0.00,0.000,25.32,31.360,0.00,0.000,,,,,,,
Sidaway,C3,R1,0,0.00,0.000,33.90,0.080,0.00,0.000,,,,,,,
Sidaway,C3,R1,0,36.16,2.330,35.02,0.040,0.00,0.000,,,,,,,
Sidaway,C3,R1,0,36.98,1.320,32.69,0.190,0.00,0.000,,,,,,,
Sidaway,C3,R2,0,0.00,0.000,0.00,0.000,0.00,0.000,,,,,,,
Sidaway,C3,R2,0,0.00,0.000,0.00,0.000,0.00,0.000,,,,,,,
Sidaway,C3,R2,0,0.00,0.000,0.00,0.000,0.00,0.000,,,,,,,
Sidaway,C3,R3,0,0.00,0.000,0.00,0.000,0.00,0.000,,,,,,,
Sidaway,C3,R3,0,0.00,0.000,0.00,0.000,0.00,0.000,,,,,,,
Sidaway,C3,R3,0,0.00,0.000,0.00,0.000,0.00,0.000,,,,,,,
Carpenter,C1,R1,1,29.30,53.410,26.31,20.220,29.10,2.350,,,,,,,
Carpenter,C1,R1,1,29.23,56.170,26.26,20.980,28.61,3.140,,,,,,,
Carpenter,C1,R1,1,30.33,26.510,26.12,23.120,28.68,3.020,,,,,,,
Carpenter,C1,R2,1,29.51,46.460,28.58,4.180,28.72,2.950,,,,,,,
Carpenter,C1,R2,1,30.23,28.260,28.50,4.430,28.41,3.540,,,,,,,
Carpenter,C1,R2,1,31.38,12.840,28.64,4.010,28.46,3.440,,,,,,,
Carpenter,C1,R3,1,29.15,59.290,26.66,15.870,29.21,2.200,,,,,,,
Carpenter,C1,R3,1,29.65,42.210,26.76,14.820,29.49,1.860,,,,,,,
Carpenter,C1,R3,1,29.19,57.560,26.38,19.290,29.12,2.330,,,,,,,
Carpenter,C2,R1,1,30.77,19.530,29.32,2.500,30.92,0.800,,,,,,,
Carpenter,C2,R1,1,30.83,18.830,29.48,2.240,30.92,0.800,,,,,,,
Carpenter,C2,R1,1,0.00,0.000,29.60,2.060,30.46,1.050,,,,,,,
Carpenter,C2,R2,1,33.01,4.220,29.11,2.890,31.07,0.730,,,,,,,
Carpenter,C2,R2,1,33.36,3.330,29.69,1.940,31.12,0.710,,,,,,,
Carpenter,C2,R2,1,32.80,4.880,29.29,2.560,30.79,0.860,,,,,,,
Carpenter,C2,R3,1,31.91,8.960,28.72,3.790,29.97,1.400,,,,,,,
Carpenter,C2,R3,1,32.65,5.400,28.80,3.600,30.31,1.150,,,,,,,
Carpenter,C2,R3,1,31.76,9.930,28.67,3.920,30.19,1.230,,,,,,,
Carpenter,C3,R1,1,33.33,3.380,29.37,2.420,30.08,1.310,,,,,,,
Carpenter,C3,R1,1,32.82,4.820,29.62,2.030,30.15,1.260,,,,,,,
Carpenter,C3,R1,1,33.22,3.660,29.20,2.710,29.94,1.430,,,,,,,
Carpenter,C3,R2,1,33.88,2.330,25.98,25.480,29.50,1.850,,,,,,,
Carpenter,C3,R2,1,33.15,3.830,26.69,15.590,29.42,1.950,,,,,,,
Carpenter,C3,R2,1,29.65,42.140,25.99,25.390,29.25,2.150,,,,,,,
Carpenter,C3,R3,1,32.38,6.480,28.62,4.060,29.26,2.130,,,,,,,
Carpenter,C3,R3,1,32.22,7.260,28.82,3.540,29.39,1.980,,,,,,,
Carpenter,C3,R3,1,32.35,6.640,28.58,4.180,29.13,2.310,,,,,,,
Davies,C1,R1,1,34.36,1.670,27.58,8.400,32.40,0.330,,,,,,,
Davies,C1,R1,1,36.41,0.410,26.10,23.510,32.16,0.380,,,,,,,
Davies,C1,R1,1,0.00,0.000,25.98,25.450,32.36,0.340,,,,,,,
Davies,C1,R2,1,31.71,10.280,24.58,67.320,30.17,1.250,,,,,,,
Davies,C1,R2,1,32.29,6.920,24.55,68.820,30.45,1.060,,,,,,,
Davies,C1,R2,1,32.63,5.480,24.50,71.450,30.69,0.910,,,,,,,
Davies,C1,R3,1,32.90,4.550,24.87,55.300,30.83,0.840,,,,,,,
Davies,C1,R3,1,32.68,5.280,25.02,49.750,30.50,1.030,,,,,,,
Davies,C1,R3,1,33.88,2.330,25.00,50.540,30.29,1.160,,,,,,,
Davies,C2,R1,1,30.74,19.900,24.92,53.140,30.47,1.050,,,,,,,
Davies,C2,R1,1,31.42,12.510,25.11,46.580,30.31,1.150,,,,,,,
Davies,C2,R1,1,31.58,11.260,25.26,42.150,30.36,1.120,,,,,,,
Davies,C2,R2,1,34.71,1.310,24.83,56.520,30.60,0.970,,,,,,,
Davies,C2,R2,1,32.69,5.250,24.83,56.830,30.85,0.830,,,,,,,
Davies,C2,R2,1,33.58,2.850,24.78,58.790,30.79,0.860,,,,,,,
Davies,C2,R3,1,31.44,12.400,25.09,47.270,30.53,1.010,,,,,,,
Davies,C2,R3,1,31.19,14.650,24.99,50.870,30.42,1.080,,,,,,,
Davies,C2,R3,1,30.97,17.080,24.89,54.490,30.57,0.980,,,,,,,
Davies,C3,R1,1,36.26,0.450,25.14,45.860,30.27,1.180,,,,,,,
Davies,C3,R1,1,33.17,3.790,24.88,54.680,30.33,1.130,,,,,,,
Davies,C3,R1,1,33.66,2.710,25.04,48.930,30.16,1.250,,,,,,,
Davies,C3,R2,1,31.73,10.150,24.79,58.490,30.14,1.270,,,,,,,
Davies,C3,R2,1,32.47,6.120,24.73,60.590,29.81,1.550,,,,,,,
Davies,C3,R2,1,32.82,4.790,24.66,63.720,29.82,1.530,,,,,,,
Davies,C3,R3,1,34.80,1.230,24.22,86.590,29.89,1.470,,,,,,,
Davies,C3,R3,1,32.96,4.380,24.20,87.640,30.62,0.950,,,,,,,
Davies,C3,R3,1,33.61,2.790,24.40,76.250,29.75,1.600,,,,,,,
Hanwell,C1,R1,1,0.00,0.000,31.71,0.470,30.51,1.020,,,,,,,
Hanwell,C1,R1,1,0.00,0.000,32.46,0.280,31.65,0.520,,,,,,,
Hanwell,C1,R1,1,0.00,0.000,33.00,0.190,34.09,0.120,,,,,,,
Hanwell,C1,R2,1,33.98,2.170,30.12,1.430,30.87,0.820,,,,,,,
Hanwell,C1,R2,1,32.76,5.000,31.53,0.540,31.46,0.580,,,,,,,
Hanwell,C1,R2,1,34.88,1.170,30.65,0.990,30.83,0.840,,,,,,,
Hanwell,C1,R3,1,0.00,0.000,0.00,0.000,0.00,0.000,,,,,,,
Hanwell,C1,R3,1,0.00,0.000,0.00,0.000,0.00,0.000,,,,,,,
Hanwell,C1,R3,1,0.00,0.000,0.00,0.000,0.00,0.000,,,,,,,
Hanwell,C2,R1,1,34.30,1.740,29.64,2.010,31.30,0.640,,,,,,,
Hanwell,C2,R1,1,33.36,3.310,32.72,0.230,30.87,0.820,,,,,,,
Hanwell,C2,R1,1,33.86,2.360,29.55,2.140,30.78,0.870,,,,,,,
Hanwell,C2,R2,1,37.42,0.200,32.05,0.370,30.50,1.030,,,,,,,
Hanwell,C2,R2,1,36.23,0.460,31.55,0.530,30.72,0.900,,,,,,,
Hanwell,C2,R2,1,36.49,0.390,31.54,0.530,30.20,1.230,,,,,,,
Hanwell,C2,R3,1,31.20,14.540,27.87,6.870,38.21,0.010,,,,,,,
Hanwell,C2,R3,1,31.48,12.040,27.74,7.520,0.00,0.000,,,,,,,
Hanwell,C2,R3,1,32.52,5.900,27.85,6.960,39.51,0.000,,,,,,,
Hanwell,C3,R1,1,36.91,0.290,38.18,0.000,29.25,2.150,,,,,,,
Hanwell,C3,R1,1,37.67,0.170,37.09,0.010,29.13,2.310,,,,,,,
Hanwell,C3,R1,1,34.71,1.310,0.00,0.000,29.34,2.040,,,,,,,
Hanwell,C3,R2,1,31.68,8.500,28.14,8.200,31.01,1.550,,,,,,,
Hanwell,C3,R2,1,31.98,6.930,28.52,6.370,30.78,1.770,,,,,,,
Hanwell,C3,R2,1,30.91,14.350,27.89,9.660,30.85,1.700,,,,,,,
Hanwell,C3,R3,1,34.09,1.660,0.00,0.000,0.00,0.000,,,,,,,
Hanwell,C3,R3,1,38.14,0.100,0.00,0.000,0.00,0.000,,,,,,,
Hanwell,C3,R3,1,0.00,0.000,0.00,0.000,0.00,0.000,,,,,,,
Sidaway,C1,R1,1,37.78,0.130,31.91,0.690,33.43,0.380,,,,,,,
Sidaway,C1,R1,1,36.31,0.360,27.17,15.490,0.00,0.000,,,,,,,
Sidaway,C1,R1,1,33.36,2.720,28.87,5.060,33.69,0.320,,,,,,,
Sidaway,C1,R2,1,37.95,0.120,33.67,0.210,37.37,0.030,,,,,,,
Sidaway,C1,R2,1,38.74,0.070,29.29,3.860,36.68,0.050,,,,,,,
Sidaway,C1,R2,1,36.10,0.420,0.00,0.000,38.53,0.010,,,,,,,
Sidaway,C1,R3,1,0.00,0.000,25.08,39.060,33.62,0.420,,,,,,,
Sidaway,C1,R3,1,38.20,0.100,28.84,2.930,0.00,0.000,,,,,,,
Sidaway,C1,R3,1,0.00,0.000,25.09,38.820,0.00,0.000,,,,,,,
Sidaway,C2,R1,1,0.00,0.000,0.00,0.000,0.00,0.000,,,,,,,
Sidaway,C2,R1,1,0.00,0.000,0.00,0.000,0.00,0.000,,,,,,,
Sidaway,C2,R1,1,0.00,0.000,24.80,47.390,0.00,0.000,,,,,,,
Sidaway,C2,R2,1,0.00,0.000,25.27,34.290,0.00,0.000,,,,,,,
Sidaway,C2,R2,1,0.00,0.000,25.54,28.570,0.00,0.000,,,,,,,
Sidaway,C2,R2,1,0.00,0.000,0.00,0.000,0.00,0.000,,,,,,,
Sidaway,C2,R3,1,0.00,0.000,0.00,0.000,0.00,0.000,,,,,,,
Sidaway,C2,R3,1,0.00,0.000,26.01,20.670,0.00,0.000,,,,,,,
Sidaway,C2,R3,1,0.00,0.000,0.00,0.000,0.00,0.000,,,,,,,
Sidaway,C3,R1,1,0.00,0.000,0.00,0.000,0.00,0.000,,,,,,,
Sidaway,C3,R1,1,0.00,0.000,0.00,0.000,0.00,0.000,,,,,,,
Sidaway,C3,R1,1,0.00,0.000,0.00,0.000,0.00,0.000,,,,,,,
Sidaway,C3,R2,1,0.00,0.000,35.05,0.040,0.00,0.000,,,,,,,
Sidaway,C3,R2,1,0.00,0.000,0.00,0.000,0.00,0.000,,,,,,,
Sidaway,C3,R2,1,0.00,0.000,0.00,0.000,0.00,0.000,,,,,,,
Sidaway,C3,R3,1,0.00,0.000,0.00,0.000,0.00,0.000,,,,,,,
Sidaway,C3,R3,1,0.00,0.000,0.00,0.000,0.00,0.000,,,,,,,
Sidaway,C3,R3,1,0.00,0.000,0.00,0.000,0.00,0.000,,,,,,,
Carpenter,C1,R1,3,33.31,5.980,28.13,9.490,31.29,2.040,,,,,,,
Carpenter,C1,R1,3,32.47,10.430,27.90,10.990,31.61,1.710,,,,,,,
Carpenter,C1,R1,3,32.88,7.960,27.91,10.960,31.76,1.590,,,,,,,
Carpenter,C1,R2,3,31.43,20.920,28.04,10.060,31.75,1.600,,,,,,,
Carpenter,C1,R2,3,31.33,22.420,27.95,10.640,31.55,1.770,,,,,,,
Carpenter,C1,R2,3,31.85,15.880,27.58,13.500,31.29,2.030,,,,,,,
Carpenter,C1,R3,3,31.83,16.100,27.38,15.320,31.54,1.780,,,,,,,
Carpenter,C1,R3,3,32.19,12.580,27.28,16.350,31.43,1.880,,,,,,,
Carpenter,C1,R3,3,32.20,12.570,27.67,12.730,31.21,2.120,,,,,,,
Carpenter,C2,R1,3,34.61,2.500,31.94,0.850,35.30,0.240,,,,,,,
Carpenter,C2,R1,3,37.24,0.430,31.71,0.990,33.36,0.690,,,,,,,
Carpenter,C2,R1,3,33.72,4.530,31.54,1.100,32.90,0.870,,,,,,,
Carpenter,C2,R2,3,32.78,8.510,31.67,1.010,33.49,0.640,,,,,,,
Carpenter,C2,R2,3,37.75,0.300,31.58,1.070,33.55,0.620,,,,,,,
Carpenter,C2,R2,3,35.28,1.600,31.50,1.120,0.00,0.000,,,,,,,
Carpenter,C2,R3,3,31.63,18.310,30.25,2.490,32.39,1.140,,,,,,,
Carpenter,C2,R3,3,32.33,11.460,30.13,2.680,33.28,0.710,,,,,,,
Carpenter,C2,R3,3,32.73,8.780,30.36,2.320,32.18,1.280,,,,,,,
Carpenter,C3,R1,3,33.60,4.920,30.51,2.110,30.63,2.860,,,,,,,
Carpenter,C3,R1,3,33.75,4.440,30.62,1.970,30.81,2.610,,,,,,,
Carpenter,C3,R1,3,34.57,2.570,30.25,2.490,32.06,1.360,,,,,,,
Carpenter,C3,R2,3,31.79,16.540,30.62,1.970,31.81,1.540,,,,,,,
Carpenter,C3,R2,3,32.30,11.750,30.49,2.140,31.89,1.480,,,,,,,
Carpenter,C3,R2,3,32.88,7.960,30.80,1.750,31.57,1.750,,,,,,,
Carpenter,C3,R3,3,33.18,6.490,30.51,2.110,31.83,1.530,,,,,,,
Carpenter,C3,R3,3,32.65,9.300,30.49,2.140,31.83,1.530,,,,,,,
Carpenter,C3,R3,3,34.42,2.830,30.56,2.050,32.38,1.140,,,,,,,
Davies,C1,R1,3,34.31,3.060,26.91,20.650,34.59,0.360,,,,,,,
Davies,C1,R1,3,34.24,3.200,27.02,19.160,33.10,0.790,,,,,,,
Davies,C1,R1,3,35.81,1.120,26.81,21.920,33.54,0.620,,,,,,,
Davies,C1,R2,3,33.34,5.830,27.25,16.590,32.90,0.870,,,,,,,
Davies,C1,R2,3,33.27,6.130,26.73,23.140,32.32,1.180,,,,,,,
Davies,C1,R2,3,33.47,5.360,0.00,0.000,33.26,0.720,,,,,,,
Davies,C1,R3,3,35.33,1.540,26.96,20.000,35.43,0.230,,,,,,,
Davies,C1,R3,3,36.20,0.860,27.52,14.030,35.30,0.250,,,,,,,
Davies,C1,R3,3,38.32,0.200,27.66,12.790,0.00,0.000,,,,,,,
Davies,C2,R1,3,34.62,2.470,26.61,24.840,33.88,0.520,,,,,,,
Davies,C2,R1,3,33.69,4.620,26.64,24.450,33.83,0.530,,,,,,,
Davies,C2,R1,3,36.85,0.560,26.86,21.250,34.36,0.400,,,,,,,
Davies,C2,R2,3,34.19,3.310,26.89,20.870,34.28,0.420,,,,,,,
Davies,C2,R2,3,34.65,2.440,26.76,22.660,33.03,0.820,,,,,,,
Davies,C2,R2,3,36.43,0.730,26.52,26.440,32.95,0.850,,,,,,,
Davies,C2,R3,3,32.80,8.380,26.66,24.070,34.42,0.390,,,,,,,
Davies,C2,R3,3,35.34,1.530,27.00,19.470,33.39,0.670,,,,,,,
Davies,C2,R3,3,33.37,5.720,26.65,24.360,32.61,1.020,,,,,,,
Davies,C3,R1,3,34.94,2.010,26.53,26.240,33.88,0.520,,,,,,,
Davies,C3,R1,3,33.97,3.820,26.25,31.250,33.80,0.540,,,,,,,
Davies,C3,R1,3,33.68,4.670,26.09,34.680,32.78,0.930,,,,,,,
Davies,C3,R2,3,34.30,3.080,27.46,14.580,33.52,0.630,,,,,,,
Davies,C3,R2,3,33.55,5.070,26.69,23.750,32.61,1.010,,,,,,,
Davies,C3,R2,3,33.24,6.240,27.22,16.920,34.36,0.400,,,,,,,
Davies,C3,R3,3,33.83,4.220,26.91,20.580,34.92,0.300,,,,,,,
Davies,C3,R3,3,34.61,2.490,26.80,22.130,32.69,0.980,,,,,,,
Davies,C3,R3,3,33.77,4.400,27.04,18.920,33.64,0.590,,,,,,,
Hanwell,C1,R1,3,30.55,8.740,29.40,4.270,31.75,1.590,,,,,,,
Hanwell,C1,R1,3,30.48,9.220,30.11,2.720,30.46,3.140,,,,,,,
Hanwell,C1,R1,3,30.36,10.050,29.79,3.330,31.23,2.100,,,,,,,
Hanwell,C1,R2,3,29.80,14.920,30.23,2.520,31.48,1.840,,,,,,,
Hanwell,C1,R2,3,30.78,7.400,30.25,2.490,31.10,2.250,,,,,,,
Hanwell,C1,R2,3,30.53,8.890,30.43,2.220,30.93,2.450,,,,,,,
Hanwell,C1,R3,3,30.73,7.680,30.04,2.840,31.06,2.290,,,,,,,
Hanwell,C1,R3,3,30.05,12.470,30.40,2.260,31.21,2.110,,,,,,,
Hanwell,C1,R3,3,29.87,14.260,30.21,2.550,31.03,2.330,,,,,,,
Hanwell,C2,R1,3,0.00,0.000,0.00,0.000,0.00,0.000,,,,,,,
Hanwell,C2,R1,3,36.86,0.090,0.00,0.000,37.50,0.070,,,,,,,
Hanwell,C2,R1,3,36.86,0.090,0.00,0.000,0.00,0.000,,,,,,,
Hanwell,C2,R2,3,36.10,0.160,32.37,0.650,31.17,2.160,,,,,,,
Hanwell,C2,R2,3,33.77,0.870,0.00,0.000,36.98,0.100,,,,,,,
Hanwell,C2,R2,3,37.20,0.070,34.74,0.140,30.97,2.410,,,,,,,
Hanwell,C2,R3,3,29.89,14.040,28.97,5.750,30.24,8.300,,,,,,,
Hanwell,C2,R3,3,29.97,13.200,28.47,7.880,31.32,5.200,,,,,,,
Hanwell,C2,R3,3,30.14,11.710,28.84,6.240,31.02,5.930,,,,,,,
Hanwell,C3,R1,3,0.00,0.000,39.11,0.000,0.00,0.000,,,,,,,
Hanwell,C3,R1,3,0.00,0.000,0.00,0.000,31.19,5.490,,,,,,,
Hanwell,C3,R1,3,0.00,0.000,0.00,0.000,0.00,0.000,,,,,,,
Hanwell,C3,R2,3,31.50,4.430,28.64,7.110,30.90,6.220,,,,,,,
Hanwell,C3,R2,3,31.67,3.920,28.81,6.380,31.72,4.360,,,,,,,
Hanwell,C3,R2,3,32.63,1.970,28.96,5.810,31.28,5.280,,,,,,,
Hanwell,C3,R3,3,31.90,3.330,29.35,4.530,31.78,4.260,,,,,,,
Hanwell,C3,R3,3,32.73,1.840,29.24,4.850,32.15,3.630,,,,,,,
Hanwell,C3,R3,3,32.19,2.700,29.34,4.540,31.92,4.010,,,,,,,
Sidaway,C1,R1,3,0.00,0.000,0.00,0.000,0.00,0.000,,,,,,,
Sidaway,C1,R1,3,0.00,0.000,0.00,0.000,0.00,0.000,,,,,,,
Sidaway,C1,R1,3,0.00,0.000,0.00,0.000,0.00,0.000,,,,,,,
Sidaway,C1,R2,3,38.02,0.040,32.00,0.840,36.14,0.640,,,,,,,
Sidaway,C1,R2,3,34.87,0.390,29.16,5.090,0.00,0.000,,,,,,,
Sidaway,C1,R2,3,35.40,0.270,32.18,0.750,39.96,0.120,,,,,,,
Sidaway,C1,R3,3,39.40,0.010,28.89,6.070,0.00,0.000,,,,,,,
Sidaway,C1,R3,3,36.55,0.120,29.87,3.260,33.56,1.970,,,,,,,
Sidaway,C1,R3,3,35.66,0.220,29.26,4.780,32.38,3.290,,,,,,,
Sidaway,C2,R1,3,0.00,0.000,0.00,0.000,0.00,0.000,,,,,,,
Sidaway,C2,R1,3,0.00,0.000,0.00,0.000,0.00,0.000,,,,,,,
Sidaway,C2,R1,3,0.00,0.000,0.00,0.000,0.00,0.000,,,,,,,
Sidaway,C2,R2,3,36.38,0.130,28.74,6.670,33.31,2.200,,,,,,,
Sidaway,C2,R2,3,34.43,0.540,26.93,20.930,33.73,1.830,,,,,,,
Sidaway,C2,R2,3,36.30,0.140,28.27,8.980,32.82,2.720,,,,,,,
Sidaway,C2,R3,3,37.11,0.080,30.57,2.090,35.69,0.780,,,,,,,
Sidaway,C2,R3,3,35.36,0.280,0.00,0.000,0.00,0.000,,,,,,,
Sidaway,C2,R3,3,0.00,0.000,33.89,0.250,0.00,0.000,,,,,,,
Sidaway,C3,R1,3,0.00,0.000,0.00,0.000,0.00,0.000,,,,,,,
Sidaway,C3,R1,3,0.00,0.000,0.00,0.000,0.00,0.000,,,,,,,
Sidaway,C3,R1,3,0.00,0.000,0.00,0.000,0.00,0.000,,,,,,,
Sidaway,C3,R2,3,0.00,0.000,0.00,0.000,0.00,0.000,,,,,,,
Sidaway,C3,R2,3,0.00,0.000,0.00,0.000,0.00,0.000,,,,,,,
Sidaway,C3,R2,3,0.00,0.000,0.00,0.000,0.00,0.000,,,,,,,
Sidaway,C3,R3,3,38.80,0.020,32.97,0.450,0.00,0.000,,,,,,,
Sidaway,C3,R3,3,0.00,0.000,38.49,0.010,0.00,0.000,,,,,,,
Sidaway,C3,R3,3,0.00,0.000,34.18,0.210,0.00,0.000,,,,,,,
Carpenter,C1,R1,7,34.02,1.660,30.77,1.840,33.20,2.310,,,,,,,
Carpenter,C1,R1,7,34.45,1.220,30.17,2.690,34.99,1.060,,,,,,,
Carpenter,C1,R1,7,36.90,0.200,29.69,3.640,32.91,2.610,,,,,,,
Carpenter,C1,R2,7,34.21,1.450,30.07,2.870,33.01,2.500,,,,,,,
Carpenter,C1,R2,7,34.30,1.350,30.27,2.530,32.50,3.120,,,,,,,
Carpenter,C1,R2,7,33.34,2.720,30.75,1.870,35.19,0.970,,,,,,,
Carpenter,C1,R3,7,34.26,1.390,29.58,3.910,33.61,1.930,,,,,,,
Carpenter,C1,R3,7,32.47,5.120,29.18,5.050,32.79,2.750,,,,,,,
Carpenter,C1,R3,7,35.29,0.660,29.31,4.640,32.75,2.800,,,,,,,
Carpenter,C2,R1,7,0.00,0.000,32.58,0.580,35.92,0.710,,,,,,,
Carpenter,C2,R1,7,35.17,0.960,31.93,0.880,35.90,0.710,,,,,,,
Carpenter,C2,R1,7,34.46,1.540,31.66,1.050,0.00,0.000,,,,,,,
Carpenter,C2,R2,7,0.00,0.000,0.00,0.000,0.00,0.000,,,,,,,
Carpenter,C2,R2,7,0.00,0.000,0.00,0.000,0.00,0.000,,,,,,,
Carpenter,C2,R2,7,0.00,0.000,0.00,0.000,0.00,0.000,,,,,,,
Carpenter,C2,R3,7,33.27,3.340,32.39,0.650,34.89,1.110,,,,,,,
Carpenter,C2,R3,7,38.66,0.100,33.21,0.390,34.46,1.340,,,,,,,
Carpenter,C2,R3,7,38.22,0.130,34.66,0.150,34.67,1.220,,,,,,,
Carpenter,C3,R1,7,32.67,4.930,33.24,0.380,0.00,0.000,,,,,,,
Carpenter,C3,R1,7,32.02,7.550,33.25,0.380,33.95,1.660,,,,,,,
Carpenter,C3,R1,7,32.32,6.180,33.33,0.360,34.26,1.460,,,,,,,
Carpenter,C3,R2,7,32.99,4.010,33.26,0.380,33.46,2.060,,,,,,,
Carpenter,C3,R2,7,32.39,5.900,33.19,0.390,35.18,0.980,,,,,,,
Carpenter,C3,R2,7,31.78,8.820,32.71,0.540,35.97,0.690,,,,,,,
Carpenter,C3,R3,7,32.60,5.150,32.25,0.720,35.97,0.690,,,,,,,
Carpenter,C3,R3,7,32.01,7.600,32.49,0.620,33.44,2.070,,,,,,,
Carpenter,C3,R3,7,32.62,5.080,32.49,0.620,34.15,1.530,,,,,,,
Davies,C1,R1,7,32.87,4.330,29.42,4.320,34.86,1.130,,,,,,,
Davies,C1,R1,7,0.00,0.000,29.73,3.560,0.00,0.000,,,,,,,
Davies,C1,R1,7,0.00,0.000,29.55,3.980,0.00,0.000,,,,,,,
Davies,C1,R2,7,38.57,0.100,29.32,4.630,0.00,0.000,,,,,,,
Davies,C1,R2,7,33.43,3.000,29.54,4.020,0.00,0.000,,,,,,,
Davies,C1,R2,7,33.54,2.800,29.47,4.190,34.87,1.120,,,,,,,
Davies,C1,R3,7,0.00,0.000,29.25,4.810,0.00,0.000,,,,,,,
Davies,C1,R3,7,0.00,0.000,29.26,4.780,0.00,0.000,,,,,,,
Davies,C1,R3,7,34.73,1.290,29.19,5.010,35.65,0.800,,,,,,,
Davies,C2,R1,7,32.85,4.370,27.66,6.820,34.08,1.010,,,,,,,
Davies,C2,R1,7,34.41,1.590,27.73,6.520,0.00,0.000,,,,,,,
Davies,C2,R1,7,35.64,0.710,27.69,6.700,34.86,0.680,,,,,,,
Davies,C2,R2,7,34.60,1.400,28.76,3.360,34.94,0.660,,,,,,,
Davies,C2,R2,7,33.45,2.970,28.28,4.590,36.32,0.330,,,,,,,
Davies,C2,R2,7,32.15,6.930,28.68,3.550,35.43,0.510,,,,,,,
Davies,C2,R3,7,35.51,0.770,28.43,4.170,35.98,0.390,,,,,,,
Davies,C2,R3,7,33.99,2.080,28.13,5.050,35.46,0.510,,,,,,,
Davies,C2,R3,7,39.73,0.040,28.13,5.030,34.32,0.900,,,,,,,
Davies,C3,R1,7,32.83,4.430,28.50,3.970,0.00,0.000,,,,,,,
Davies,C3,R1,7,33.95,2.140,28.28,4.580,0.00,0.000,,,,,,,
Davies,C3,R1,7,36.56,0.390,28.15,4.970,34.50,0.820,,,,,,,
Davies,C3,R2,7,32.70,4.830,28.47,4.050,36.32,0.330,,,,,,,
Davies,C3,R2,7,32.79,4.570,28.32,4.450,35.31,0.550,,,,,,,
Davies,C3,R2,7,31.84,8.440,28.21,4.790,0.00,0.000,,,,,,,
Davies,C3,R3,7,31.40,11.260,27.35,8.310,34.73,0.730,,,,,,,
Davies,C3,R3,7,30.62,18.770,27.49,7.580,34.88,0.680,,,,,,,
Davies,C3,R3,7,30.37,22.050,27.54,7.370,35.50,0.500,,,,,,,
Hanwell,C1,R1,7,34.98,1.100,30.97,0.810,32.47,2.250,,,,,,,
Hanwell,C1,R1,7,33.74,2.460,32.03,0.410,33.10,1.650,,,,,,,
Hanwell,C1,R1,7,35.36,0.850,31.16,0.720,33.91,1.100,,,,,,,
Hanwell,C1,R2,7,34.24,1.770,30.22,1.320,33.22,1.540,,,,,,,
Hanwell,C1,R2,7,33.74,2.460,31.13,0.730,32.52,2.190,,,,,,,
Hanwell,C1,R2,7,32.95,4.110,31.17,0.720,32.94,1.780,,,,,,,
Hanwell,C1,R3,7,33.20,3.500,30.67,0.990,34.71,0.740,,,,,,,
Hanwell,C1,R3,7,33.57,2.740,31.45,0.600,33.01,1.720,,,,,,,
Hanwell,C1,R3,7,35.92,0.590,31.01,0.790,34.84,0.690,,,,,,,
Hanwell,C2,R1,7,31.60,9.910,29.48,2.120,33.33,1.470,,,,,,,
Hanwell,C2,R1,7,31.87,8.280,29.52,2.060,32.54,2.170,,,,,,,
Hanwell,C2,R1,7,32.33,6.150,29.23,2.480,31.65,3.380,,,,,,,
Hanwell,C2,R2,7,36.02,0.550,35.02,0.060,34.34,0.890,,,,,,,
Hanwell,C2,R2,7,34.82,1.210,29.78,1.750,32.86,1.850,,,,,,,
Hanwell,C2,R2,7,0.00,0.000,30.00,1.520,33.46,1.370,,,,,,,
Hanwell,C2,R3,7,34.91,1.140,29.86,1.660,32.36,2.370,,,,,,,
Hanwell,C2,R3,7,33.25,3.380,29.88,1.640,33.35,1.450,,,,,,,
Hanwell,C2,R3,7,34.56,1.440,30.07,1.450,35.31,0.550,,,,,,,
Hanwell,C3,R1,7,32.65,5.000,29.12,2.670,32.88,1.830,,,,,,,
Hanwell,C3,R1,7,32.85,4.390,28.75,3.380,32.50,2.210,,,,,,,
Hanwell,C3,R1,7,32.32,6.190,28.51,3.950,32.87,1.840,,,,,,,
Hanwell,C3,R2,7,32.68,4.890,28.83,3.220,32.43,2.290,,,,,,,
Hanwell,C3,R2,7,32.87,4.330,28.96,2.950,32.98,1.740,,,,,,,
Hanwell,C3,R2,7,33.36,3.150,28.44,4.130,32.63,2.080,,,,,,,
Hanwell,C3,R3,7,36.43,0.420,29.55,2.030,35.62,0.470,,,,,,,
Hanwell,C3,R3,7,34.50,1.490,30.79,0.910,34.69,0.740,,,,,,,
Hanwell,C3,R3,7,0.00,0.000,29.37,2.270,33.28,1.500,,,,,,,
Sidaway,C1,R1,7,36.67,0.360,0.00,0.000,0.00,0.000,,,,,,,
Sidaway,C1,R1,7,0.00,0.000,0.00,0.000,0.00,0.000,,,,,,,
Sidaway,C1,R1,7,0.00,0.000,0.00,0.000,0.00,0.000,,,,,,,
Sidaway,C1,R2,7,0.00,0.000,0.00,0.000,0.00,0.000,,,,,,,
Sidaway,C1,R2,7,0.00,0.000,0.00,0.000,0.00,0.000,,,,,,,
Sidaway,C1,R2,7,0.00,0.000,0.00,0.000,0.00,0.000,,,,,,,
Sidaway,C1,R3,7,0.00,0.000,0.00,0.000,0.00,0.000,,,,,,,
Sidaway,C1,R3,7,0.00,0.000,0.00,0.000,0.00,0.000,,,,,,,
Sidaway,C1,R3,7,0.00,0.000,0.00,0.000,0.00,0.000,,,,,,,
Sidaway,C2,R1,7,0.00,0.000,0.00,0.000,0.00,0.000,,,,,,,
Sidaway,C2,R1,7,0.00,0.000,0.00,0.000,0.00,0.000,,,,,,,
Sidaway,C2,R1,7,0.00,0.000,35.87,0.030,38.23,0.120,,,,,,,
Sidaway,C2,R2,7,37.44,0.370,0.00,0.000,34.68,0.750,,,,,,,
Sidaway,C2,R2,7,37.00,0.500,29.81,1.720,0.00,0.000,,,,,,,
Sidaway,C2,R2,7,35.24,1.640,34.74,0.070,0.00,0.000,,,,,,,
Sidaway,C2,R3,7,0.00,0.000,0.00,0.000,0.00,0.000,,,,,,,
Sidaway,C2,R3,7,0.00,0.000,0.00,0.000,0.00,0.000,,,,,,,
Sidaway,C2,R3,7,0.00,0.000,0.00,0.000,0.00,0.000,,,,,,,
Sidaway,C3,R1,7,0.00,0.000,0.00,0.000,0.00,0.000,,,,,,,
Sidaway,C3,R1,7,0.00,0.000,0.00,0.000,0.00,0.000,,,,,,,
Sidaway,C3,R1,7,0.00,0.000,0.00,0.000,0.00,0.000,,,,,,,
Sidaway,C3,R2,7,38.57,0.170,33.87,0.120,0.00,0.000,,,,,,,
Sidaway,C3,R2,7,37.66,0.320,30.89,0.860,0.00,0.000,,,,,,,
Sidaway,C3,R2,7,34.58,2.550,29.57,2.000,38.56,0.100,,,,,,,
Sidaway,C3,R3,7,0.00,0.000,0.00,0.000,0.00,0.000,,,,,,,
Sidaway,C3,R3,7,0.00,0.000,0.00,0.000,0.00,0.000,,,,,,,
Sidaway,C3,R3,7,0.00,0.000,0.00,0.000,0.00,0.000,,,,,,,
Carpenter,C1,R1,19,34.00,0.740,31.33,0.520,34.97,0.200,,,,,,,
Carpenter,C1,R1,19,35.35,0.280,31.85,0.360,0.00,0.000,,,,,,,
Carpenter,C1,R1,19,0.00,0.000,31.63,0.420,0.00,0.000,,,,,,,
Carpenter,C1,R2,19,34.63,0.470,32.08,0.310,0.00,0.000,,,,,,,
Carpenter,C1,R2,19,33.60,0.980,31.94,0.340,0.00,0.000,,,,,,,
Carpenter,C1,R2,19,37.78,0.050,31.94,0.340,35.17,0.180,,,,,,,
Carpenter,C1,R3,19,36.03,0.170,31.41,0.490,0.00,0.000,,,,,,,
Carpenter,C1,R3,19,35.75,0.210,30.92,0.700,0.00,0.000,,,,,,,
Carpenter,C1,R3,19,0.00,0.000,31.52,0.460,0.00,0.000,,,,,,,
Carpenter,C2,R1,19,0.00,0.000,34.88,0.040,34.95,0.210,,,,,,,
Carpenter,C2,R1,19,0.00,0.000,33.43,0.120,0.00,0.000,,,,,,,
Carpenter,C2,R1,19,0.00,0.000,36.78,0.010,0.00,0.000,,,,,,,
Carpenter,C2,R2,19,33.73,0.900,32.65,0.210,0.00,0.000,,,,,,,
Carpenter,C2,R2,19,0.00,0.000,31.46,0.480,0.00,0.000,,,,,,,
Carpenter,C2,R2,19,0.00,0.000,32.85,0.180,0.00,0.000,,,,,,,
Carpenter,C2,R3,19,34.64,0.470,31.37,0.510,0.00,0.000,,,,,,,
Carpenter,C2,R3,19,35.42,0.260,31.32,0.520,34.96,0.200,,,,,,,
Carpenter,C2,R3,19,34.99,0.360,31.75,0.390,34.98,0.200,,,,,,,
Carpenter,C3,R1,19,34.24,0.620,36.34,0.010,0.00,0.000,,,,,,,
Carpenter,C3,R1,19,33.81,0.850,35.05,0.040,0.00,0.000,,,,,,,
Carpenter,C3,R1,19,0.00,0.000,33.45,0.120,0.00,0.000,,,,,,,
Carpenter,C3,R2,19,34.85,2.630,32.66,0.210,0.00,0.000,,,,,,,
Carpenter,C3,R2,19,33.27,7.010,32.51,0.230,34.22,0.310,,,,,,,
Carpenter,C3,R2,19,32.87,9.010,33.83,0.090,0.00,0.000,,,,,,,
Carpenter,C3,R3,19,33.53,5.960,32.89,0.170,0.00,0.000,,,,,,,
Carpenter,C3,R3,19,33.74,5.220,33.00,0.160,33.98,0.350,,,,,,,
Carpenter,C3,R3,19,33.82,4.970,33.01,0.160,34.47,0.270,,,,,,,
Davies,C1,R1,19,0.00,0.000,30.88,0.720,0.00,0.000,,,,,,,
Davies,C1,R1,19,34.40,3.470,31.00,0.660,0.00,0.000,,,,,,,
Davies,C1,R1,19,33.75,5.210,30.95,0.680,35.40,0.160,,,,,,,
Davies,C1,R2,19,34.70,2.880,31.21,0.570,0.00,0.000,,,,,,,
Davies,C1,R2,19,34.60,3.050,30.72,0.800,0.00,0.000,,,,,,,
Davies,C1,R2,19,0.00,0.000,30.89,0.710,0.00,0.000,,,,,,,
Davies,C1,R3,19,35.28,2.000,32.00,0.330,0.00,0.000,,,,,,,
Davies,C1,R3,19,0.00,0.000,31.26,0.550,0.00,0.000,,,,,,,
Davies,C1,R3,19,0.00,0.000,31.10,0.610,0.00,0.000,,,,,,,
Davies,C2,R1,19,33.82,4.990,31.85,0.360,0.00,0.000,,,,,,,
Davies,C2,R1,19,33.73,5.260,32.10,0.300,0.00,0.000,,,,,,,
Davies,C2,R1,19,0.00,0.000,31.80,0.380,0.00,0.000,,,,,,,
Davies,C2,R2,19,0.00,0.000,30.97,0.670,0.00,0.000,,,,,,,
Davies,C2,R2,19,33.93,4.640,31.41,0.490,0.00,0.000,,,,,,,
Davies,C2,R2,19,0.00,0.000,31.06,0.630,0.00,0.000,,,,,,,
Davies,C2,R3,19,0.00,0.000,0.00,0.000,0.00,0.000,,,,,,,
Davies,C2,R3,19,0.00,0.000,0.00,0.000,0.00,0.000,,,,,,,
Davies,C2,R3,19,0.00,0.000,0.00,0.000,0.00,0.000,,,,,,,
Davies,C3,R1,19,0.00,0.000,32.17,0.290,0.00,0.000,,,,,,,
Davies,C3,R1,19,0.00,0.000,32.65,0.210,0.00,0.000,,,,,,,
Davies,C3,R1,19,0.00,0.000,31.76,0.390,0.00,0.000,,,,,,,
Davies,C3,R2,19,0.00,0.000,32.14,0.300,0.00,0.000,,,,,,,
Davies,C3,R2,19,0.00,0.000,32.51,0.230,0.00,0.000,,,,,,,
Davies,C3,R2,19,0.00,0.000,32.50,0.230,0.00,0.000,,,,,,,
Davies,C3,R3,19,0.00,0.000,33.67,0.100,0.00,0.000,,,,,,,
Davies,C3,R3,19,0.00,0.000,33.37,0.120,0.00,0.000,,,,,,,
Davies,C3,R3,19,0.00,0.000,33.50,0.110,0.00,0.000,,,,,,,
Hanwell,C1,R1,19,0.00,0.000,34.28,0.060,0.00,0.000,,,,,,,
Hanwell,C1,R1,19,35.15,2.170,34.30,0.060,0.00,0.000,,,,,,,
Hanwell,C1,R1,19,39.63,0.130,34.30,0.060,35.92,0.120,,,,,,,
Hanwell,C1,R2,19,33.62,5.640,34.80,0.030,0.00,0.000,,,,,,,
Hanwell,C1,R2,19,35.35,1.920,0.00,0.000,0.00,0.000,,,,,,,
Hanwell,C1,R2,19,0.00,0.000,0.00,0.000,0.00,0.000,,,,,,,
Hanwell,C1,R3,19,0.00,0.000,35.28,0.020,35.95,0.130,,,,,,,
Hanwell,C1,R3,19,35.55,1.700,35.23,0.020,0.00,0.000,,,,,,,
Hanwell,C1,R3,19,35.73,1.510,36.26,0.010,34.89,0.230,,,,,,,
Hanwell,C2,R1,19,33.18,7.410,32.50,0.160,36.10,0.120,,,,,,,
Hanwell,C2,R1,19,34.26,3.790,31.50,0.320,0.00,0.000,,,,,,,
Hanwell,C2,R1,19,32.39,12.150,30.87,0.510,34.18,0.340,,,,,,,
Hanwell,C2,R2,19,0.00,0.000,31.16,0.410,34.96,0.220,,,,,,,
Hanwell,C2,R2,19,33.72,5.290,31.42,0.340,0.00,0.000,,,,,,,
Hanwell,C2,R2,19,32.59,10.700,31.39,0.350,0.00,0.000,,,,,,,
Hanwell,C2,R3,19,33.34,6.710,32.48,0.160,0.00,0.000,,,,,,,
Hanwell,C2,R3,19,34.63,3.010,32.63,0.140,0.00,0.000,,,,,,,
Hanwell,C2,R3,19,31.84,17.130,32.39,0.170,0.00,0.000,,,,,,,
Hanwell,C3,R1,19,35.65,1.590,33.12,0.100,0.00,0.000,,,,,,,
Hanwell,C3,R1,19,34.90,2.540,32.75,0.130,0.00,0.000,,,,,,,
Hanwell,C3,R1,19,0.00,0.000,32.61,0.150,0.00,0.000,,,,,,,
Hanwell,C3,R2,19,36.62,0.870,32.41,0.170,35.25,0.190,,,,,,,
Hanwell,C3,R2,19,0.00,0.000,32.76,0.130,35.01,0.210,,,,,,,
Hanwell,C3,R2,19,34.44,3.380,33.25,0.090,0.00,0.000,,,,,,,
Hanwell,C3,R3,19,33.89,4.780,32.55,0.150,0.00,0.000,,,,,,,
Hanwell,C3,R3,19,35.22,2.080,32.75,0.130,0.00,0.000,,,,,,,
Hanwell,C3,R3,19,38.59,0.250,32.02,0.220,0.00,0.000,,,,,,,
Sidaway,C1,R1,19,0.00,0.000,0.00,0.000,0.00,0.000,,,,,,,
Sidaway,C1,R1,19,0.00,0.000,37.44,0.000,0.00,0.000,,,,,,,
Sidaway,C1,R1,19,0.00,0.000,0.00,0.000,0.00,0.000,,,,,,,
Sidaway,C1,R2,19,0.00,0.000,0.00,0.000,0.00,0.000,,,,,,,
Sidaway,C1,R2,19,0.00,0.000,0.00,0.000,0.00,0.000,,,,,,,
Sidaway,C1,R2,19,0.00,0.000,0.00,0.000,0.00,0.000,,,,,,,
Sidaway,C1,R3,19,0.00,0.000,0.00,0.000,0.00,0.000,,,,,,,
Sidaway,C1,R3,19,0.00,0.000,0.00,0.000,0.00,0.000,,,,,,,
Sidaway,C1,R3,19,0.00,0.000,0.00,0.000,0.00,0.000,,,,,,,
Sidaway,C2,R1,19,37.43,0.520,30.06,0.900,36.47,0.100,,,,,,,
Sidaway,C2,R1,19,0.00,0.000,30.43,0.690,0.00,0.000,,,,,,,
Sidaway,C2,R1,19,0.00,0.000,30.64,0.600,39.40,0.020,,,,,,,
Sidaway,C2,R2,19,0.00,0.000,0.00,0.000,0.00,0.000,,,,,,,
Sidaway,C2,R2,19,0.00,0.000,0.00,0.000,0.00,0.000,,,,,,,
Sidaway,C2,R2,19,0.00,0.000,0.00,0.000,0.00,0.000,,,,,,,
Sidaway,C2,R3,19,0.00,0.000,0.00,0.000,0.00,0.000,,,,,,,
Sidaway,C2,R3,19,0.00,0.000,0.00,0.000,0.00,0.000,,,,,,,
Sidaway,C2,R3,19,0.00,0.000,0.00,0.000,0.00,0.000,,,,,,,
Sidaway,C3,R1,19,0.00,0.000,0.00,0.000,0.00,0.000,,,,,,,
Sidaway,C3,R1,19,0.00,0.000,0.00,0.000,0.00,0.000,,,,,,,
Sidaway,C3,R1,19,0.00,0.000,0.00,0.000,0.00,0.000,,,,,,,
Sidaway,C3,R2,19,0.00,0.000,0.00,0.000,0.00,0.000,,,,,,,
Sidaway,C3,R2,19,0.00,0.000,0.00,0.000,0.00,0.000,,,,,,,
Sidaway,C3,R2,19,0.00,0.000,0.00,0.000,0.00,0.000,,,,,,,
Sidaway,C3,R3,19,0.00,0.000,0.00,0.000,0.00,0.000,,,,,,,
Sidaway,C3,R3,19,0.00,0.000,0.00,0.000,0.00,0.000,,,,,,,
Sidaway,C3,R3,19,0.00,0.000,0.00,0.000,0.00,0.000,,,,,,,
Carpenter,C1,R1,29,0.00,0.000,32.82,0.250,0.00,0.000,,,,,,,
Carpenter,C1,R1,29,0.00,0.000,36.14,0.020,0.00,0.000,,,,,,,
Carpenter,C1,R1,29,0.00,0.000,34.13,0.100,0.00,0.000,,,,,,,
Carpenter,C1,R2,29,0.00,0.000,33.81,0.310,0.00,0.000,,,,,,,
Carpenter,C1,R2,29,0.00,0.000,33.10,0.490,0.00,0.000,,,,,,,
Carpenter,C1,R2,29,0.00,0.000,33.89,0.300,0.00,0.000,,,,,,,
Carpenter,C1,R3,29,38.49,0.420,33.72,0.330,0.00,0.000,,,,,,,
Carpenter,C1,R3,29,0.00,0.000,34.64,0.180,0.00,0.000,,,,,,,
Carpenter,C1,R3,29,0.00,0.000,35.98,0.080,0.00,0.000,,,,,,,
Carpenter,C2,R1,29,34.71,4.050,0.00,0.000,0.00,0.000,,,,,,,
Carpenter,C2,R1,29,34.64,4.230,0.00,0.000,0.00,0.000,,,,,,,
Carpenter,C2,R1,29,0.00,0.000,35.88,0.080,0.00,0.000,,,,,,,
Carpenter,C2,R2,29,0.00,0.000,36.50,0.050,0.00,0.000,,,,,,,
Carpenter,C2,R2,29,34.17,5.590,0.00,0.000,0.00,0.000,,,,,,,
Carpenter,C2,R2,29,0.00,0.000,36.74,0.050,0.00,0.000,,,,,,,
Carpenter,C2,R3,29,38.13,0.530,34.79,0.170,0.00,0.000,,,,,,,
Carpenter,C2,R3,29,35.66,2.300,33.89,0.300,0.00,0.000,,,,,,,
Carpenter,C2,R3,29,34.60,4.340,35.33,0.120,0.00,0.000,,,,,,,
Carpenter,C3,R1,29,36.68,1.260,37.30,0.030,0.00,0.000,,,,,,,
Carpenter,C3,R1,29,34.71,4.060,36.32,0.060,0.00,0.000,,,,,,,
Carpenter,C3,R1,29,33.77,7.080,0.00,0.000,0.00,0.000,,,,,,,
Carpenter,C3,R2,29,0.00,0.000,0.00,0.000,0.00,0.000,,,,,,,
Carpenter,C3,R2,29,32.86,12.200,35.40,0.110,0.00,0.000,,,,,,,
Carpenter,C3,R2,29,0.00,0.000,36.42,0.060,0.00,0.000,,,,,,,
Carpenter,C3,R3,29,0.00,0.000,0.00,0.000,0.00,0.000,,,,,,,
Carpenter,C3,R3,29,0.00,0.000,0.00,0.000,0.00,0.000,,,,,,,
Carpenter,C3,R3,29,33.65,7.630,0.00,0.000,0.00,0.000,,,,,,,
Davies,C1,R1,29,0.00,0.000,33.73,0.330,0.00,0.000,,,,,,,
Davies,C1,R1,29,0.00,0.000,33.65,0.350,0.00,0.000,,,,,,,
Davies,C1,R1,29,0.00,0.000,33.53,0.370,0.00,0.000,,,,,,,
Davies,C1,R2,29,0.00,0.000,34.88,0.160,0.00,0.000,,,,,,,
Davies,C1,R2,29,0.00,0.000,33.81,0.310,0.00,0.000,,,,,,,
Davies,C1,R2,29,0.00,0.000,35.88,0.080,0.00,0.000,,,,,,,
Davies,C1,R3,29,0.00,0.000,34.11,0.260,0.00,0.000,,,,,,,
Davies,C1,R3,29,0.00,0.000,33.82,0.310,0.00,0.000,,,,,,,
Davies,C1,R3,29,0.00,0.000,32.77,0.600,0.00,0.000,,,,,,,
Davies,C2,R1,29,33.37,8.980,33.40,0.400,0.00,0.000,,,,,,,
Davies,C2,R1,29,0.00,0.000,33.50,0.380,0.00,0.000,,,,,,,
Davies,C2,R1,29,33.83,6.850,33.42,0.400,0.00,0.000,,,,,,,
Davies,C2,R2,29,34.28,5.230,35.34,0.120,0.00,0.000,,,,,,,
Davies,C2,R2,29,0.00,0.000,33.35,0.420,0.00,0.000,,,,,,,
Davies,C2,R2,29,34.28,5.230,36.43,0.060,0.00,0.000,,,,,,,
Davies,C2,R3,29,0.00,0.000,34.07,0.270,0.00,0.000,,,,,,,
Davies,C2,R3,29,0.00,0.000,35.18,0.130,0.00,0.000,,,,,,,
Davies,C2,R3,29,0.00,0.000,33.73,0.330,0.00,0.000,,,,,,,
Davies,C3,R1,29,34.43,4.780,33.90,0.290,0.00,0.000,,,,,,,
Davies,C3,R1,29,36.41,1.470,34.55,0.190,0.00,0.000,,,,,,,
Davies,C3,R1,29,36.62,1.300,34.02,0.270,0.00,0.000,,,,,,,
Davies,C3,R2,29,33.41,8.780,35.79,0.090,0.00,0.000,,,,,,,
Davies,C3,R2,29,0.00,0.000,33.51,0.380,0.00,0.000,,,,,,,
Davies,C3,R2,29,0.00,0.000,35.07,0.140,0.00,0.000,,,,,,,
Davies,C3,R3,29,0.00,0.000,34.15,0.250,0.00,0.000,,,,,,,
Davies,C3,R3,29,0.00,0.000,34.46,0.210,0.00,0.000,,,,,,,
Davies,C3,R3,29,0.00,0.000,34.60,0.190,37.16,4.060,,,,,,,
Hanwell,C1,R1,29,0.00,0.000,0.00,0.000,0.00,0.000,,,,,,,
Hanwell,C1,R1,29,36.86,1.130,37.49,0.030,0.00,0.000,,,,,,,
Hanwell,C1,R1,29,0.00,0.000,35.14,0.130,37.46,3.640,,,,,,,
Hanwell,C1,R2,29,0.00,0.000,35.61,0.100,0.00,0.000,,,,,,,
Hanwell,C1,R2,29,0.00,0.000,37.55,0.030,0.00,0.000,,,,,,,
Hanwell,C1,R2,29,0.00,0.000,36.63,0.050,0.00,0.000,,,,,,,
Hanwell,C1,R3,29,0.00,0.000,35.94,0.080,0.00,0.000,,,,,,,
Hanwell,C1,R3,29,35.36,2.760,37.11,0.040,0.00,0.000,,,,,,,
Hanwell,C1,R3,29,0.00,0.000,36.01,0.080,0.00,0.000,,,,,,,
Hanwell,C2,R1,29,32.80,12.590,33.52,0.370,0.00,0.000,,,,,,,
Hanwell,C2,R1,29,37.54,0.750,33.73,0.330,0.00,0.000,,,,,,,
Hanwell,C2,R1,29,33.63,7.690,35.58,0.100,0.00,0.000,,,,,,,
Hanwell,C2,R2,29,35.25,2.940,35.97,0.080,0.00,0.000,,,,,,,
Hanwell,C2,R2,29,32.84,12.340,34.17,0.250,0.00,0.000,,,,,,,
Hanwell,C2,R2,29,32.79,12.680,33.23,0.450,0.00,0.000,,,,,,,
Hanwell,C2,R3,29,33.97,6.290,33.98,0.280,0.00,0.000,,,,,,,
Hanwell,C2,R3,29,32.91,11.840,33.98,0.280,0.00,0.000,,,,,,,
Hanwell,C2,R3,29,33.98,6.260,34.19,0.250,37.08,4.190,,,,,,,
Hanwell,C3,R1,29,0.00,0.000,35.75,0.090,38.53,2.460,,,,,,,
Hanwell,C3,R1,29,0.00,0.000,35.47,0.110,0.00,0.000,,,,,,,
Hanwell,C3,R1,29,35.26,2.920,36.47,0.060,0.00,0.000,,,,,,,
Hanwell,C3,R2,29,36.85,1.130,0.00,0.000,0.00,0.000,,,,,,,
Hanwell,C3,R2,29,0.00,0.000,36.01,0.080,0.00,0.000,,,,,,,
Hanwell,C3,R2,29,0.00,0.000,34.08,0.260,37.22,3.980,,,,,,,
Hanwell,C3,R3,29,0.00,0.000,33.60,0.360,0.00,0.000,,,,,,,
Hanwell,C3,R3,29,34.76,2.270,34.48,0.200,37.19,4.020,,,,,,,
Hanwell,C3,R3,29,36.23,0.860,33.83,0.310,0.00,0.000,,,,,,,
Sidaway,C1,R1,29,36.85,0.570,0.00,0.000,0.00,0.000,,,,,,,
Sidaway,C1,R1,29,0.00,0.000,0.00,0.000,0.00,0.000,,,,,,,
Sidaway,C1,R1,29,0.00,0.000,0.00,0.000,0.00,0.000,,,,,,,
Sidaway,C1,R2,29,0.00,0.000,0.00,0.000,0.00,0.000,,,,,,,
Sidaway,C1,R2,29,0.00,0.000,0.00,0.000,0.00,0.000,,,,,,,
Sidaway,C1,R2,29,0.00,0.000,0.00,0.000,0.00,0.000,,,,,,,
Sidaway,C1,R3,29,0.00,0.000,0.00,0.000,0.00,0.000,,,,,,,
Sidaway,C1,R3,29,0.00,0.000,0.00,0.000,0.00,0.000,,,,,,,
Sidaway,C1,R3,29,39.01,0.130,0.00,0.000,0.00,0.000,,,,,,,
Sidaway,C2,R1,29,0.00,0.000,0.00,0.000,0.00,0.000,,,,,,,
Sidaway,C2,R1,29,0.00,0.000,0.00,0.000,0.00,0.000,,,,,,,
Sidaway,C2,R1,29,0.00,0.000,0.00,0.000,0.00,0.000,,,,,,,
Sidaway,C2,R2,29,0.00,0.000,0.00,0.000,0.00,0.000,,,,,,,
Sidaway,C2,R2,29,37.74,0.320,0.00,0.000,39.32,0.440,,,,,,,
Sidaway,C2,R2,29,0.00,0.000,0.00,0.000,0.00,0.000,,,,,,,
Sidaway,C2,R3,29,0.00,0.000,0.00,0.000,0.00,0.000,,,,,,,
Sidaway,C2,R3,29,0.00,0.000,0.00,0.000,0.00,0.000,,,,,,,
Sidaway,C2,R3,29,0.00,0.000,0.00,0.000,0.00,0.000,,,,,,,
Sidaway,C3,R1,29,0.00,0.000,0.00,0.000,0.00,0.000,,,,,,,
Sidaway,C3,R1,29,0.00,0.000,0.00,0.000,0.00,0.000,,,,,,,
Sidaway,C3,R1,29,0.00,0.000,0.00,0.000,0.00,0.000,,,,,,,
Sidaway,C3,R2,29,0.00,0.000,0.00,0.000,0.00,0.000,,,,,,,
Sidaway,C3,R2,29,0.00,0.000,0.00,0.000,0.00,0.000,,,,,,,
Sidaway,C3,R2,29,35.52,1.370,0.00,0.000,0.00,0.000,,,,,,,
Sidaway,C3,R3,29,0.00,0.000,0.00,0.000,0.00,0.000,,,,,,,
Sidaway,C3,R3,29,36.44,0.750,0.00,0.000,0.00,0.000,,,,,,,
Sidaway,C3,R3,29,0.00,0.000,0.00,0.000,0.00,0.000,,,,,,,
Carpenter,C1,R1,43,0.00,0.000,34.61,0.030,0.00,0.000,,,,,,,
Carpenter,C1,R1,43,0.00,0.000,34.32,0.040,0.00,0.000,,,,,,,
Carpenter,C1,R1,43,0.00,0.000,33.66,0.000,0.00,0.000,,,,,,,
Carpenter,C1,R2,43,0.00,0.000,35.43,0.020,0.00,0.000,,,,,,,
Carpenter,C1,R2,43,0.00,0.000,33.69,0.060,0.00,0.000,,,,,,,
Carpenter,C1,R2,43,0.00,0.000,35.34,0.020,0.00,0.000,,,,,,,
Carpenter,C1,R3,43,37.60,0.340,35.85,0.010,0.00,0.000,,,,,,,
Carpenter,C1,R3,43,35.28,1.710,34.58,0.030,0.00,0.000,,,,,,,
Carpenter,C1,R3,43,0.00,0.000,33.46,0.080,0.00,0.000,,,,,,,
Carpenter,C2,R1,43,0.00,0.000,35.22,0.020,0.00,0.000,,,,,,,
Carpenter,C2,R1,43,0.00,0.000,34.46,0.040,0.00,0.000,,,,,,,
Carpenter,C2,R1,43,0.00,0.000,0.00,0.000,0.00,0.000,,,,,,,
Carpenter,C2,R2,43,0.00,0.000,35.42,0.020,0.00,0.000,,,,,,,
Carpenter,C2,R2,43,0.00,0.000,34.45,0.040,0.00,0.000,,,,,,,
Carpenter,C2,R2,43,0.00,0.000,34.51,0.030,0.00,0.000,,,,,,,
Carpenter,C2,R3,43,0.00,0.000,34.33,0.040,0.00,0.000,,,,,,,
Carpenter,C2,R3,43,0.00,0.000,36.30,0.010,0.00,0.000,,,,,,,
Carpenter,C2,R3,43,0.00,0.000,35.33,0.020,0.00,0.000,,,,,,,
Carpenter,C3,R1,43,0.00,0.000,0.00,0.000,0.00,0.000,,,,,,,
Carpenter,C3,R1,43,0.00,0.000,0.00,0.000,0.00,0.000,,,,,,,
Carpenter,C3,R1,43,0.00,0.000,34.89,0.030,0.00,0.000,,,,,,,
Carpenter,C3,R2,43,0.00,0.000,34.26,0.040,0.00,0.000,,,,,,,
Carpenter,C3,R2,43,0.00,0.000,35.88,0.010,0.00,0.000,,,,,,,
Carpenter,C3,R2,43,0.00,0.000,35.17,0.020,0.00,0.000,,,,,,,
Carpenter,C3,R3,43,0.00,0.000,0.00,0.000,0.00,0.000,,,,,,,
Carpenter,C3,R3,43,0.00,0.000,0.00,0.000,0.00,0.000,,,,,,,
Carpenter,C3,R3,43,0.00,0.000,0.00,0.000,0.00,0.000,,,,,,,
Davies,C1,R1,43,0.00,0.000,33.52,0.190,0.00,0.000,,,,,,,
Davies,C1,R1,43,0.00,0.000,33.72,0.160,0.00,0.000,,,,,,,
Davies,C1,R1,43,0.00,0.000,32.45,0.380,0.00,0.000,,,,,,,
Davies,C1,R2,43,0.00,0.000,35.20,0.060,0.00,0.000,,,,,,,
Davies,C1,R2,43,0.00,0.000,35.50,0.050,0.00,0.000,,,,,,,
Davies,C1,R2,43,0.00,0.000,34.17,0.120,0.00,0.000,,,,,,,
Davies,C1,R3,43,0.00,0.000,36.16,0.030,0.00,0.000,,,,,,,
Davies,C1,R3,43,0.00,0.000,35.59,0.040,0.00,0.000,,,,,,,
Davies,C1,R3,43,0.00,0.000,34.40,0.100,0.00,0.000,,,,,,,
Davies,C2,R1,43,0.00,0.000,35.49,0.050,0.00,0.000,,,,,,,
Davies,C2,R1,43,0.00,0.000,35.05,0.070,0.00,0.000,,,,,,,
Davies,C2,R1,43,0.00,0.000,36.32,0.030,0.00,0.000,,,,,,,
Davies,C2,R2,43,0.00,0.000,34.93,0.070,0.00,0.000,,,,,,,
Davies,C2,R2,43,0.00,0.000,0.00,0.000,0.00,0.000,,,,,,,
Davies,C2,R2,43,0.00,0.000,35.30,0.060,0.00,0.000,,,,,,,
Davies,C2,R3,43,0.00,0.000,35.06,0.070,39.05,0.080,,,,,,,
Davies,C2,R3,43,36.63,0.670,34.95,0.070,0.00,0.000,,,,,,,
Davies,C2,R3,43,0.00,0.000,33.95,0.140,0.00,0.000,,,,,,,
Davies,C3,R1,43,0.00,0.000,0.00,0.000,0.00,0.000,,,,,,,
Davies,C3,R1,43,0.00,0.000,36.12,0.030,0.00,0.000,,,,,,,
Davies,C3,R1,43,0.00,0.000,0.00,0.000,0.00,0.000,,,,,,,
Davies,C3,R2,43,0.00,0.000,35.09,0.060,0.00,0.000,,,,,,,
Davies,C3,R2,43,0.00,0.000,36.27,0.030,0.00,0.000,,,,,,,
Davies,C3,R2,43,0.00,0.000,33.97,0.140,0.00,0.000,,,,,,,
Davies,C3,R3,43,0.00,0.000,0.00,0.000,0.00,0.000,,,,,,,
Davies,C3,R3,43,0.00,0.000,36.15,0.030,0.00,0.000,,,,,,,
Davies,C3,R3,43,0.00,0.000,35.96,0.030,0.00,0.000,,,,,,,
Hanwell,C1,R1,43,0.00,0.000,0.00,0.000,0.00,0.000,,,,,,,
Hanwell,C1,R1,43,0.00,0.000,0.00,0.000,0.00,0.000,,,,,,,
Hanwell,C1,R1,43,0.00,0.000,0.00,0.000,0.00,0.000,,,,,,,
Hanwell,C1,R2,43,37.61,0.340,0.00,0.000,0.00,0.000,,,,,,,
Hanwell,C1,R2,43,0.00,0.000,37.14,0.010,0.00,0.000,,,,,,,
Hanwell,C1,R2,43,0.00,0.000,37.02,0.010,0.00,0.000,,,,,,,
Hanwell,C1,R3,43,0.00,0.000,34.55,0.090,37.57,0.190,,,,,,,
Hanwell,C1,R3,43,0.00,0.000,36.01,0.030,0.00,0.000,,,,,,,
Hanwell,C1,R3,43,0.00,0.000,0.00,0.000,0.00,0.000,,,,,,,
Hanwell,C2,R1,43,35.65,1.330,34.69,0.080,0.00,0.000,,,,,,,
Hanwell,C2,R1,43,0.00,0.000,35.11,0.060,0.00,0.000,,,,,,,
Hanwell,C2,R1,43,35.40,1.580,34.52,0.090,0.00,0.000,,,,,,,
Hanwell,C2,R2,43,34.25,3.510,35.11,0.060,0.00,0.000,,,,,,,
Hanwell,C2,R2,43,35.45,1.520,35.68,0.040,0.00,0.000,,,,,,,
Hanwell,C2,R2,43,36.75,0.620,36.07,0.030,0.00,0.000,,,,,,,
Hanwell,C2,R3,43,0.00,0.000,35.98,0.030,0.00,0.000,,,,,,,
Hanwell,C2,R3,43,0.00,0.000,0.00,0.000,38.59,0.110,,,,,,,
Hanwell,C2,R3,43,0.00,0.000,36.00,0.030,0.00,0.000,,,,,,,
Hanwell,C3,R1,43,0.00,0.000,35.04,0.070,0.00,0.000,,,,,,,
Hanwell,C3,R1,43,0.00,0.000,35.93,0.030,0.00,0.000,,,,,,,
Hanwell,C3,R1,43,0.00,0.000,36.18,0.030,0.00,0.000,,,,,,,
Hanwell,C3,R2,43,37.06,1.440,34.99,0.070,0.00,0.000,,,,,,,
Hanwell,C3,R2,43,0.00,0.000,35.07,0.060,0.00,0.000,,,,,,,
Hanwell,C3,R2,43,0.00,0.000,36.12,0.030,0.00,0.000,,,,,,,
Hanwell,C3,R3,43,0.00,0.000,36.93,0.020,0.00,0.000,,,,,,,
Hanwell,C3,R3,43,0.00,0.000,34.27,0.110,0.00,0.000,,,,,,,
Hanwell,C3,R3,43,0.00,0.000,34.75,0.080,0.00,0.000,,,,,,,
Sidaway,C1,R1,43,0.00,0.000,33.68,0.170,0.00,0.000,,,,,,,
Sidaway,C1,R1,43,0.00,0.000,34.05,0.130,0.00,0.000,,,,,,,
Sidaway,C1,R1,43,0.00,0.000,33.07,0.250,0.00,0.000,,,,,,,
Sidaway,C1,R2,43,0.00,0.000,33.12,0.240,0.00,0.000,,,,,,,
Sidaway,C1,R2,43,0.00,0.000,32.09,0.480,0.00,0.000,,,,,,,
Sidaway,C1,R2,43,0.00,0.000,32.34,0.410,0.00,0.000,,,,,,,
Sidaway,C1,R3,43,0.00,0.000,34.81,0.080,0.00,0.000,,,,,,,
Sidaway,C1,R3,43,0.00,0.000,34.85,0.080,0.00,0.000,,,,,,,
Sidaway,C1,R3,43,0.00,0.000,34.66,0.090,0.00,0.000,,,,,,,
Sidaway,C2,R1,43,0.00,0.000,36.10,0.030,0.00,0.000,,,,,,,
Sidaway,C2,R1,43,0.00,0.000,35.75,0.040,0.00,0.000,,,,,,,
Sidaway,C2,R1,43,0.00,0.000,35.64,0.040,0.00,0.000,,,,,,,
Sidaway,C2,R2,43,0.00,0.000,0.00,0.000,0.00,0.000,,,,,,,
Sidaway,C2,R2,43,0.00,0.000,0.00,0.000,0.00,0.000,,,,,,,
Sidaway,C2,R2,43,0.00,0.000,0.00,0.000,0.00,0.000,,,,,,,
Sidaway,C2,R3,43,37.85,0.820,0.00,0.000,0.00,0.000,,,,,,,
Sidaway,C2,R3,43,0.00,0.000,0.00,0.000,0.00,0.000,,,,,,,
Sidaway,C2,R3,43,39.16,0.330,32.87,0.290,0.00,0.000,,,,,,,
Sidaway,C3,R1,43,0.00,0.000,32.94,0.280,0.00,0.000,,,,,,,
Sidaway,C3,R1,43,0.00,0.000,32.04,0.500,0.00,0.000,,,,,,,
Sidaway,C3,R1,43,0.00,0.000,32.33,0.410,0.00,0.000,,,,,,,
Sidaway,C3,R2,43,0.00,0.000,0.00,0.000,0.00,0.000,,,,,,,
Sidaway,C3,R2,43,0.00,0.000,0.00,0.000,0.00,0.000,,,,,,,
Sidaway,C3,R2,43,0.00,0.000,0.00,0.000,0.00,0.000,,,,,,,
Sidaway,C3,R3,43,0.00,0.000,0.00,0.000,0.00,0.000,,,,,,,
Sidaway,C3,R3,43,0.00,0.000,0.00,0.000,0.00,0.000,,,,,,,
Sidaway,C3,R3,43,0.00,0.000,0.00,0.000,0.00,0.000,,,,,,,
,,,,,,,,,,,,,,,,
,,,,,,,,,,,,,,,,
,,,,,,,,,,,,,,,,
,,,,,,,,,,,,,,,,
,,,,,,,,,,,,,,,,
